,,,,,,,,,,,,,,,,,,,,
"Monthly FHFA House Price IndexÂ® for Census Divisions and U.S.
Purchase-Only Index (Only Index available with Monthly Frequency)

NSA=Not Seasonally Adjusted; SA=Seasonally Adjusted",,,,,,,,,,,,,,,,,,,,
,,,,,,,,,,,,,,,,,,,,
Month,"East North Central
(NSA)","East North Central
(SA)","East South Central
(NSA)","East South Central
(SA)","Middle Atlantic
(NSA)","Middle Atlantic
(SA)","Mountain

(NSA)","Mountain

(SA)","New England

(NSA)","New England

(SA)","Pacific

(NSA)","Pacific

(SA)","South Atlantic
(NSA)","South Atlantic
(SA)","West North Central
(NSA)","West North Central
(SA)","West South Central
(NSA)","West South Central
(SA)","USA

(NSA)","USA

(SA)"
,,,,,,,,,,,,,,,,,,,,
1/1/91,100.00,100.00,100.00,100.00,100.00,100.00,100.00,100.00,100.00,100.00,100.00,100.00,100.00,100.00,100.00,100.00,100.00,100.00,100.00,100.00
2/1/91,100.93,101.00,100.94,100.57,100.04,100.28,98.33,98.77,101.78,102.34,100.16,100.55,100.60,100.50,100.50,100.52,99.85,99.60,100.38,100.46
3/1/91,101.31,100.91,100.90,100.52,99.97,99.75,100.21,100.63,101.55,101.29,100.00,100.13,101.00,100.64,100.34,100.06,100.70,100.54,100.68,100.48
4/1/91,101.71,101.00,100.82,100.51,99.40,99.13,100.29,100.39,100.99,100.94,100.15,100.08,100.86,100.40,100.78,100.29,100.42,100.11,100.66,100.31
5/1/91,102.32,101.36,101.10,100.76,99.65,99.17,100.69,100.47,99.69,99.64,100.35,100.08,100.74,100.48,100.67,100.17,100.82,100.36,100.82,100.37
6/1/91,102.79,101.51,102.04,101.53,99.78,98.91,102.09,101.55,99.17,98.58,100.45,99.91,101.29,100.56,101.34,100.47,101.98,100.99,101.34,100.52
7/1/91,102.98,101.87,101.87,101.43,100.20,99.16,101.44,101.31,99.12,98.65,100.43,99.83,101.01,100.45,101.27,100.32,101.80,100.91,101.30,100.54
8/1/91,103.14,102.05,101.65,100.84,99.71,98.77,101.82,101.31,98.34,97.86,100.73,99.99,100.83,100.01,101.74,100.69,101.55,100.59,101.26,100.38
9/1/91,102.84,102.02,101.96,101.20,100.25,99.35,101.91,101.68,99.87,98.95,100.25,99.46,100.69,100.07,101.56,100.81,102.16,101.53,101.34,100.61
10/1/91,103.07,102.32,101.96,101.65,100.09,99.09,103.02,102.54,99.21,98.68,100.80,100.29,101.65,100.89,101.86,101.47,101.33,100.68,101.57,100.92
11/1/91,103.97,103.35,102.81,102.23,101.03,100.16,103.97,103.74,98.23,97.22,100.83,100.56,101.97,101.19,101.76,101.41,101.86,101.31,102.02,101.43
12/1/91,103.75,103.45,103.39,103.33,100.73,100.45,103.70,103.68,99.03,98.57,101.03,100.71,101.88,101.59,102.81,102.46,102.26,102.03,102.16,101.89
1/1/92,103.87,103.89,103.28,103.29,100.72,100.75,104.40,104.47,99.76,99.79,100.97,100.97,101.84,101.83,102.30,102.32,102.42,102.43,102.21,102.23
2/1/92,104.36,104.41,104.51,104.15,101.76,102.04,105.10,105.58,99.78,100.38,101.02,101.44,102.71,102.60,102.83,102.87,103.48,103.23,102.88,102.98
3/1/92,105.53,105.14,104.26,103.86,101.41,101.23,105.56,106.00,99.65,99.42,100.65,100.79,102.61,102.26,103.87,103.56,102.83,102.69,102.99,102.80
4/1/92,105.92,105.18,103.73,103.41,101.16,100.89,105.84,105.91,98.44,98.42,100.41,100.33,102.31,101.84,104.06,103.53,103.13,102.81,102.91,102.55
5/1/92,106.57,105.58,104.48,104.13,100.84,100.33,106.55,106.28,97.53,97.46,100.50,100.21,102.24,101.98,104.39,103.84,103.18,102.65,103.07,102.59
6/1/92,106.92,105.58,104.75,104.18,101.25,100.32,107.54,106.95,96.97,96.32,100.30,99.73,102.45,101.71,105.14,104.20,104.03,103.03,103.40,102.53
7/1/92,107.15,105.98,105.27,104.77,101.45,100.34,107.45,107.24,97.16,96.58,100.63,99.97,102.74,102.13,105.64,104.60,104.31,103.40,103.68,102.86
8/1/92,107.60,106.46,106.31,105.45,101.44,100.40,108.58,107.99,98.13,97.61,100.89,100.12,103.80,102.94,105.91,104.79,104.87,103.87,104.26,103.33
9/1/92,107.59,106.73,106.67,105.90,102.17,101.25,108.73,108.43,98.42,97.52,101.00,100.21,104.12,103.46,106.26,105.43,104.86,104.19,104.50,103.73
10/1/92,108.17,107.37,106.95,106.60,102.43,101.43,110.03,109.51,98.41,97.90,100.04,99.54,104.36,103.61,106.03,105.59,105.59,104.93,104.69,104.03
11/1/92,108.43,107.80,106.90,106.30,103.02,102.19,110.36,110.14,99.38,98.40,99.86,99.60,104.25,103.46,106.43,106.03,106.03,105.46,104.91,104.32
12/1/92,108.74,108.43,106.92,106.83,101.55,101.30,111.22,111.20,97.71,97.31,99.49,99.22,103.53,103.24,106.57,106.20,105.26,105.06,104.49,104.23
1/1/93,108.49,108.56,106.99,107.02,100.93,101.00,111.76,111.92,96.60,96.60,98.62,98.66,103.33,103.27,107.24,107.31,105.38,105.40,104.25,104.29
2/1/93,108.31,108.35,106.95,106.64,100.40,100.78,111.77,112.32,94.48,95.09,97.63,98.07,103.28,103.16,107.58,107.68,105.75,105.52,103.96,104.08
3/1/93,109.28,108.92,108.40,107.99,100.78,100.63,112.07,112.52,95.56,95.40,98.11,98.24,104.04,103.69,107.15,106.81,106.21,106.09,104.57,104.39
4/1/93,110.26,109.48,108.78,108.40,101.72,101.45,114.00,114.00,96.46,96.46,98.34,98.26,104.77,104.28,108.75,108.18,106.92,106.58,105.42,105.04
5/1/93,110.86,109.83,109.19,108.79,102.32,101.74,115.06,114.73,96.28,96.09,98.18,97.86,104.68,104.40,109.49,108.87,107.74,107.10,105.79,105.26
6/1/93,111.96,110.54,109.59,108.91,102.55,101.52,116.23,115.60,97.69,96.79,98.50,97.89,105.66,104.88,110.46,109.45,108.66,107.64,106.59,105.65
7/1/93,112.19,110.95,109.98,109.41,102.31,101.10,116.99,116.61,97.29,96.52,97.50,96.78,105.62,104.94,111.03,109.90,109.10,108.16,106.59,105.68
8/1/93,112.63,111.41,110.91,109.98,102.56,101.37,118.53,117.84,97.02,96.34,98.01,97.23,106.03,105.10,111.80,110.61,109.53,108.47,107.08,106.08
9/1/93,113.13,112.20,111.83,111.03,102.32,101.41,119.56,119.13,96.83,95.92,97.69,96.94,106.17,105.45,112.31,111.38,109.42,108.71,107.25,106.45
10/1/93,113.24,112.37,111.36,110.95,102.54,101.60,120.34,119.77,95.79,95.27,97.69,97.25,106.24,105.52,112.54,112.03,110.14,109.45,107.37,106.69
11/1/93,113.56,112.91,112.17,111.59,102.46,101.74,121.14,120.96,97.23,96.34,96.97,96.76,106.47,105.71,112.97,112.52,110.44,109.82,107.59,107.01
12/1/93,113.78,113.48,112.25,112.12,101.93,101.73,121.77,121.78,97.05,96.73,97.04,96.86,106.90,106.62,113.58,113.22,110.85,110.66,107.78,107.54
1/1/94,114.05,114.20,112.80,112.87,102.23,102.37,122.26,122.55,96.04,96.04,96.65,96.74,106.58,106.47,113.55,113.75,110.51,110.54,107.71,107.78
2/1/94,114.42,114.45,114.08,113.82,101.16,101.65,123.42,124.06,96.10,96.84,96.13,96.61,106.93,106.79,113.64,113.84,111.26,111.06,107.86,108.03
3/1/94,115.18,114.83,114.11,113.70,101.62,101.50,124.45,124.92,97.80,97.81,96.37,96.46,107.47,107.08,115.10,114.74,112.20,112.08,108.56,108.38
4/1/94,116.36,115.54,115.23,114.76,101.84,101.57,125.99,125.85,96.69,96.72,96.94,96.82,108.14,107.63,115.71,115.08,112.09,111.73,109.13,108.72
5/1/94,117.20,116.09,115.64,115.16,102.61,101.93,127.80,127.35,97.25,96.98,96.82,96.41,108.17,107.87,116.22,115.48,113.47,112.68,109.71,109.09
6/1/94,117.92,116.40,116.25,115.44,102.93,101.78,128.81,128.12,98.74,97.61,97.17,96.50,108.93,108.08,116.92,115.84,113.55,112.49,110.31,109.28
7/1/94,117.93,116.58,116.43,115.78,103.26,101.91,129.14,128.54,98.16,97.18,97.08,96.24,109.11,108.35,117.54,116.29,113.42,112.43,110.40,109.38
8/1/94,118.38,117.08,117.30,116.31,103.11,101.74,130.21,129.42,97.40,96.60,96.90,96.06,109.66,108.66,118.03,116.75,114.06,112.96,110.71,109.62
9/1/94,118.42,117.40,116.97,116.19,102.18,101.29,130.60,130.02,97.64,96.77,96.94,96.25,109.76,108.98,117.65,116.63,113.78,113.04,110.58,109.74
10/1/94,119.01,118.08,117.61,117.19,102.45,101.56,131.29,130.71,97.02,96.52,96.40,96.01,109.72,109.05,117.59,116.98,114.05,113.37,110.68,110.01
11/1/94,119.20,118.56,118.24,117.67,101.62,101.05,131.20,131.11,97.15,96.48,95.88,95.71,110.37,109.66,118.36,117.85,114.22,113.56,110.77,110.23
12/1/94,118.92,118.63,117.83,117.67,100.33,100.17,131.88,131.99,97.05,96.89,95.97,95.90,110.19,109.92,117.78,117.47,113.88,113.69,110.46,110.26
1/1/95,119.14,119.38,117.77,117.84,100.40,100.60,131.48,131.94,96.22,96.24,95.93,96.10,110.36,110.19,117.87,118.21,113.92,113.98,110.47,110.59
2/1/95,120.04,120.04,119.20,119.02,100.34,100.92,132.64,133.37,96.11,96.88,95.98,96.49,110.84,110.68,118.59,118.87,114.24,114.05,110.95,111.14
3/1/95,120.52,120.17,119.74,119.33,101.10,101.00,132.86,133.26,96.82,96.99,95.64,95.67,110.79,110.36,119.47,119.07,114.22,114.05,111.22,111.02
4/1/95,121.74,120.88,119.46,118.91,101.56,101.30,134.28,133.98,96.94,96.99,95.33,95.16,110.97,110.44,120.17,119.51,115.27,114.87,111.70,111.24
5/1/95,122.04,120.83,119.92,119.36,101.77,101.01,134.75,134.20,97.92,97.55,96.09,95.58,110.89,110.53,120.87,119.97,115.82,114.89,112.11,111.39
6/1/95,123.26,121.65,121.72,120.78,102.53,101.27,136.16,135.44,98.65,97.29,96.12,95.38,111.79,110.86,121.86,120.67,115.96,114.86,112.90,111.78
7/1/95,123.71,122.24,122.09,121.36,102.65,101.18,136.77,135.95,99.24,98.11,96.46,95.53,112.50,111.71,122.49,121.10,116.82,115.77,113.41,112.30
8/1/95,124.31,122.94,122.15,121.12,103.47,101.94,137.37,136.52,98.96,98.00,96.56,95.71,112.75,111.73,123.01,121.67,116.99,115.85,113.76,112.60
9/1/95,124.52,123.43,122.50,121.76,102.24,101.38,137.96,137.26,98.43,97.55,96.05,95.44,112.97,112.16,123.45,122.36,117.35,116.56,113.69,112.83
10/1/95,124.84,123.85,123.28,122.87,101.77,100.96,137.67,137.13,98.40,97.86,95.71,95.39,112.61,112.00,123.55,122.86,116.80,116.14,113.54,112.88
11/1/95,124.73,124.08,123.51,122.96,101.49,101.05,137.54,137.56,98.26,97.77,95.48,95.36,113.12,112.49,123.43,122.84,117.45,116.76,113.60,113.11
12/1/95,125.12,124.86,123.70,123.52,101.56,101.43,138.37,138.62,97.96,97.90,95.43,95.50,112.84,112.59,123.99,123.77,117.84,117.65,113.75,113.60
1/1/96,124.90,125.24,123.82,123.89,101.27,101.51,138.20,138.83,100.11,100.23,95.51,95.76,113.56,113.37,123.39,123.85,117.35,117.41,113.84,114.01
2/1/96,126.01,125.99,123.68,123.54,101.25,101.88,138.59,139.39,98.67,99.51,95.16,95.68,113.34,113.15,124.06,124.39,117.81,117.67,113.95,114.16
3/1/96,126.80,126.42,124.55,124.14,102.29,102.22,140.03,140.30,98.74,99.06,95.69,95.66,114.50,114.01,125.38,124.94,118.20,118.03,114.80,114.57
4/1/96,128.35,127.48,125.42,124.82,102.11,101.88,141.29,140.86,99.33,99.33,95.77,95.54,114.63,114.07,126.35,125.66,118.66,118.20,115.34,114.85
5/1/96,129.01,127.68,126.28,125.61,103.09,102.28,141.49,140.85,100.41,99.96,96.16,95.51,114.78,114.32,126.96,125.89,119.44,118.41,115.93,115.11
6/1/96,129.55,127.88,126.72,125.66,103.45,102.06,142.11,141.36,101.67,100.12,96.47,95.64,115.25,114.23,127.38,126.08,120.11,118.97,116.45,115.23
7/1/96,130.15,128.55,127.70,126.90,103.63,102.06,143.03,142.10,101.32,100.01,96.81,95.84,115.64,114.80,128.18,126.66,119.93,118.80,116.83,115.61
8/1/96,129.89,128.43,127.74,126.72,103.83,102.21,142.70,141.84,101.44,100.32,96.48,95.61,116.06,115.01,128.26,126.82,120.08,118.91,116.85,115.63
9/1/96,130.12,128.95,127.74,127.05,102.87,102.01,143.08,142.32,101.65,100.67,96.28,95.75,116.17,115.34,128.44,127.29,120.09,119.25,116.79,115.92
10/1/96,129.93,128.89,128.19,127.84,102.56,101.78,143.19,142.69,101.00,100.36,96.28,96.02,116.12,115.54,128.39,127.64,119.81,119.19,116.67,116.03
11/1/96,130.76,130.13,128.12,127.58,102.73,102.40,142.93,143.02,100.66,100.31,96.40,96.31,115.84,115.30,128.52,127.88,120.14,119.47,116.81,116.36
12/1/96,130.58,130.37,128.42,128.21,102.10,101.98,142.70,143.06,101.03,101.04,96.37,96.55,116.13,115.90,128.93,128.83,120.31,120.10,116.83,116.73
1/1/97,129.99,130.40,128.44,128.43,102.14,102.35,143.30,144.04,101.28,101.44,95.87,96.18,116.40,116.20,128.31,128.84,119.84,119.90,116.65,116.84
2/1/97,130.69,130.66,129.78,129.65,101.89,102.54,143.57,144.39,100.07,100.88,95.73,96.21,116.74,116.54,128.97,129.32,120.62,120.51,116.93,117.14
3/1/97,131.88,131.45,129.84,129.45,102.53,102.48,144.70,144.79,100.88,101.27,96.92,96.81,117.77,117.28,130.34,129.88,121.09,120.88,117.87,117.61
4/1/97,132.23,131.37,130.52,129.88,103.04,102.84,145.71,145.16,102.53,102.48,97.88,97.59,117.56,117.01,130.37,129.69,121.41,120.85,118.34,117.83
5/1/97,133.62,132.18,130.33,129.59,104.40,103.62,146.16,145.46,102.98,102.46,98.57,97.79,117.76,117.22,131.91,130.71,122.45,121.40,119.17,118.27
6/1/97,134.07,132.36,131.24,130.09,104.35,102.84,146.42,145.60,104.29,102.62,98.80,97.89,118.74,117.66,131.66,130.25,122.65,121.49,119.61,118.32
7/1/97,134.40,132.67,131.58,130.73,104.70,103.05,146.94,145.95,104.18,102.79,99.56,98.58,118.17,117.31,132.92,131.29,122.93,121.71,119.90,118.62
8/1/97,134.64,133.11,131.85,130.89,105.10,103.44,147.39,146.52,104.74,103.48,100.00,99.14,119.17,118.16,132.85,131.32,122.91,121.68,120.32,119.07
9/1/97,134.56,133.32,131.37,130.68,104.08,103.15,147.37,146.60,104.21,103.13,99.94,99.45,119.06,118.22,133.36,132.16,122.98,122.15,120.12,119.22
10/1/97,134.89,133.82,131.27,130.94,105.27,104.48,147.62,147.18,105.31,104.52,99.98,99.77,119.30,118.70,133.41,132.62,123.32,122.72,120.50,119.84
11/1/97,134.81,134.19,132.08,131.54,103.88,103.53,147.48,147.58,105.27,104.98,100.86,100.79,119.89,119.42,133.38,132.69,123.97,123.33,120.67,120.24
12/1/97,134.68,134.51,132.28,132.06,104.39,104.24,147.65,148.11,105.50,105.54,100.79,101.04,119.95,119.71,132.87,132.88,123.90,123.70,120.71,120.63
1/1/98,134.66,135.10,132.85,132.73,104.00,104.15,147.59,148.38,104.31,104.54,101.31,101.68,120.01,119.78,134.29,134.84,124.37,124.49,120.88,121.07
2/1/98,135.79,135.77,132.89,132.72,104.28,104.97,148.61,149.40,106.62,107.54,102.46,102.94,120.79,120.56,134.64,135.02,125.07,125.01,121.72,121.94
3/1/98,136.64,136.16,134.04,133.69,105.73,105.75,149.56,149.50,106.71,107.21,103.52,103.34,121.43,120.93,135.55,135.12,125.65,125.42,122.61,122.34
4/1/98,137.38,136.53,134.68,134.04,106.32,106.17,151.05,150.48,108.19,108.12,105.00,104.62,122.00,121.39,135.92,135.24,126.25,125.54,123.46,122.90
5/1/98,138.45,136.90,135.55,134.75,106.98,106.26,151.59,150.84,109.30,108.73,106.17,105.23,122.45,121.77,137.41,136.08,127.32,126.26,124.38,123.39
6/1/98,139.40,137.64,136.56,135.36,108.72,107.05,152.17,151.27,111.41,109.62,107.22,106.17,123.57,122.38,138.98,137.43,128.26,127.06,125.58,124.19
7/1/98,139.78,137.93,136.27,135.37,108.70,106.98,152.72,151.77,111.68,110.12,107.58,106.59,123.63,122.68,139.28,137.51,129.16,127.81,125.86,124.49
8/1/98,140.13,138.51,136.42,135.49,109.41,107.71,153.37,152.50,112.46,110.98,108.14,107.25,123.88,122.85,139.83,138.17,129.51,128.19,126.32,125.01
9/1/98,140.63,139.30,137.52,136.76,109.44,108.39,153.62,152.87,113.21,111.96,108.42,107.90,124.68,123.78,140.44,139.16,129.70,128.84,126.79,125.81
10/1/98,141.19,140.07,137.38,137.01,109.34,108.50,154.29,153.90,112.85,111.88,109.00,108.78,124.77,124.09,140.87,140.00,130.07,129.42,127.06,126.35
11/1/98,141.49,140.90,138.45,137.92,109.48,109.06,154.29,154.33,114.37,114.08,109.60,109.55,125.17,124.75,142.50,141.76,130.44,129.83,127.62,127.18
12/1/98,141.41,141.31,138.41,138.18,110.10,109.93,154.58,155.11,114.47,114.49,109.42,109.68,125.53,125.28,142.41,142.52,131.25,131.05,127.83,127.77
1/1/99,141.41,141.84,138.90,138.63,110.49,110.54,154.68,155.49,114.53,114.90,110.82,111.25,126.27,126.02,142.70,143.24,131.20,131.42,128.30,128.49
2/1/99,142.61,142.61,139.53,139.39,110.03,110.76,155.65,156.38,115.07,116.08,111.07,111.52,126.87,126.62,142.88,143.31,131.71,131.70,128.78,129.00
3/1/99,143.55,143.02,140.38,140.06,110.68,110.78,158.02,157.87,116.10,116.66,112.73,112.50,127.51,127.04,144.46,144.03,132.38,132.08,129.84,129.56
4/1/99,144.37,143.51,140.74,140.11,111.69,111.60,158.19,157.61,117.92,117.85,113.72,113.30,128.34,127.66,145.62,144.90,133.84,132.97,130.81,130.22
5/1/99,146.12,144.46,141.52,140.69,113.18,112.52,159.51,158.70,119.50,118.86,114.95,113.92,129.36,128.55,147.00,145.52,134.56,133.45,132.07,131.01
6/1/99,146.74,144.86,142.07,140.82,115.35,113.50,160.30,159.26,121.65,119.67,115.97,114.81,129.98,128.70,148.22,146.45,135.32,134.05,133.12,131.60
7/1/99,147.59,145.60,142.32,141.38,116.16,114.34,161.03,160.09,122.80,120.92,116.35,115.35,130.54,129.47,148.72,146.76,136.36,134.90,133.80,132.33
8/1/99,148.29,146.54,142.66,141.74,116.67,114.90,161.94,160.98,123.72,122.03,117.15,116.23,131.20,130.16,150.11,148.30,136.95,135.52,134.52,133.14
9/1/99,148.24,146.79,143.24,142.38,116.37,115.13,162.98,162.25,124.61,123.13,117.61,117.03,131.24,130.27,149.27,147.88,136.62,135.73,134.60,133.52
10/1/99,148.65,147.47,142.72,142.21,117.21,116.29,162.59,162.20,124.74,123.56,118.36,118.11,132.25,131.47,149.42,148.46,137.29,136.55,135.13,134.33
11/1/99,148.42,147.80,143.61,143.09,117.24,116.68,163.24,163.18,124.80,124.46,118.83,118.82,132.19,131.80,150.05,149.27,137.65,137.06,135.34,134.89
12/1/99,148.62,148.58,143.91,143.73,117.26,117.07,163.19,163.74,126.07,126.08,119.31,119.58,132.45,132.18,149.94,150.08,137.95,137.75,135.62,135.56
1/1/00,149.81,150.25,144.53,144.15,119.08,119.05,163.99,164.83,127.10,127.66,121.92,122.41,133.58,133.34,150.70,151.22,138.73,139.04,136.96,137.16
2/1/00,149.30,149.35,144.51,144.39,117.71,118.45,164.56,165.26,126.50,127.69,120.93,121.38,134.00,133.70,151.72,152.28,138.92,138.96,136.72,136.96
3/1/00,151.33,150.78,144.78,144.51,119.34,119.55,166.28,166.10,128.85,129.49,123.25,123.00,134.74,134.32,153.19,152.74,140.43,140.09,138.29,138.02
4/1/00,152.41,151.52,146.17,145.61,120.59,120.60,167.27,166.71,131.05,130.95,124.32,123.88,136.15,135.39,154.85,154.11,141.78,140.73,139.61,138.97
5/1/00,153.61,151.86,146.33,145.53,121.66,121.03,168.17,167.32,133.32,132.61,126.10,124.99,136.96,136.02,156.06,154.45,142.46,141.28,140.72,139.58
6/1/00,154.96,152.94,147.24,145.92,123.90,121.87,169.81,168.63,136.52,134.38,127.26,126.00,138.26,136.89,157.08,155.10,143.21,141.87,142.14,140.50
7/1/00,155.79,153.64,147.62,146.61,124.53,122.62,170.07,169.10,137.39,135.15,128.11,127.03,138.89,137.63,157.99,155.86,144.04,142.48,142.86,141.25
8/1/00,155.91,154.02,147.13,146.14,125.10,123.22,170.73,169.67,137.97,136.07,129.25,128.23,139.10,137.98,158.58,156.63,144.51,142.98,143.30,141.80
9/1/00,156.07,154.50,147.20,146.26,126.25,124.76,170.69,169.92,139.41,137.66,130.23,129.52,139.98,138.90,158.89,157.36,144.66,143.70,143.91,142.70
10/1/00,156.19,154.91,147.41,146.71,126.21,125.19,171.62,171.23,140.90,139.52,131.29,130.97,140.26,139.36,159.43,158.38,144.98,144.16,144.36,143.46
11/1/00,156.07,155.44,147.83,147.34,127.20,126.49,172.40,172.30,140.59,140.18,132.48,132.50,140.57,140.16,159.23,158.41,145.60,145.07,144.83,144.35
12/1/00,156.39,156.41,146.90,146.73,127.65,127.47,172.48,173.01,141.85,141.91,133.43,133.71,141.78,141.50,159.22,159.36,145.12,144.90,145.26,145.21
1/1/01,156.51,156.98,148.19,147.72,128.08,127.99,173.85,174.75,142.63,143.35,134.30,134.89,142.48,142.28,160.14,160.67,145.23,145.66,145.89,146.12
2/1/01,157.57,157.69,148.43,148.37,128.49,129.20,175.04,175.83,143.82,145.22,135.97,136.46,142.95,142.64,160.63,161.31,147.05,147.16,146.85,147.12
3/1/01,158.72,158.21,148.74,148.53,129.71,130.03,176.20,176.10,145.81,146.46,137.83,137.63,144.66,144.29,162.42,161.98,147.34,146.91,148.16,147.91
4/1/01,159.90,158.95,149.35,148.86,130.71,130.79,177.12,176.59,147.82,147.61,139.09,138.68,145.79,144.99,164.50,163.74,149.04,147.88,149.43,148.78
5/1/01,161.32,159.48,150.55,149.77,132.41,131.76,178.74,177.93,150.62,149.77,140.64,139.46,146.49,145.44,165.81,164.10,149.06,147.80,150.67,149.45
6/1/01,162.12,159.96,150.98,149.56,135.14,132.94,179.76,178.47,153.05,150.65,141.56,140.16,147.70,146.27,166.88,164.72,149.93,148.47,151.90,150.13
7/1/01,162.74,160.44,150.95,149.83,136.04,134.00,179.83,178.73,154.90,152.19,142.27,141.00,149.03,147.59,168.13,165.79,150.78,149.20,152.77,151.00
8/1/01,162.99,160.94,151.41,150.27,137.55,135.54,180.52,179.35,156.50,154.36,143.23,142.04,149.59,148.36,168.08,166.00,150.40,148.81,153.35,151.72
9/1/01,163.39,161.69,151.71,150.70,138.15,136.41,180.14,179.30,157.14,155.00,144.28,143.38,149.99,148.76,168.80,167.14,151.08,150.05,153.89,152.52
10/1/01,164.11,162.73,152.80,151.90,138.36,137.24,180.58,180.15,157.69,156.06,144.64,144.20,150.99,149.96,169.29,168.15,151.24,150.33,154.46,153.44
11/1/01,163.56,162.90,152.14,151.68,139.54,138.67,181.58,181.47,157.58,157.14,144.86,144.86,150.79,150.33,168.85,168.01,150.81,150.33,154.44,153.92
12/1/01,163.46,163.49,152.10,151.95,139.35,139.16,181.39,181.91,159.17,159.35,146.30,146.58,151.88,151.59,169.48,169.62,151.20,150.94,154.97,154.91
1/1/02,163.84,164.41,153.11,152.66,140.66,140.53,181.93,182.90,159.83,160.74,147.21,148.00,152.57,152.47,169.45,170.08,150.34,150.86,155.49,155.81
2/1/02,164.40,164.63,152.04,152.00,141.05,141.69,183.11,184.03,161.18,162.80,148.68,149.22,154.23,153.96,169.63,170.41,151.72,151.91,156.41,156.73
3/1/02,165.86,165.42,153.85,153.70,142.81,143.22,184.39,184.38,162.38,162.98,151.08,151.00,154.77,154.42,171.97,171.53,153.19,152.67,157.94,157.72
4/1/02,166.76,165.73,153.71,153.23,144.41,144.55,185.57,185.02,166.38,165.98,152.79,152.43,156.26,155.44,173.02,172.24,153.95,152.75,159.24,158.55
5/1/02,168.27,166.30,154.52,153.74,146.96,146.26,186.45,185.62,168.57,167.48,155.90,154.64,157.70,156.52,174.70,172.86,154.70,153.35,160.96,159.64
6/1/02,169.49,167.17,155.56,154.03,149.27,146.92,187.54,186.09,172.56,169.90,158.22,156.68,158.96,157.41,176.33,174.04,155.24,153.66,162.53,160.61
7/1/02,170.04,167.58,155.52,154.26,150.98,148.76,188.36,187.06,175.87,172.74,160.34,158.77,159.97,158.37,177.02,174.45,155.50,153.92,163.61,161.66
8/1/02,170.39,168.14,156.94,155.60,152.57,150.36,189.98,188.65,176.07,173.70,162.00,160.54,160.56,159.11,177.60,175.40,155.84,154.22,164.50,162.68
9/1/02,170.78,168.96,156.25,155.21,153.54,151.57,189.55,188.58,177.63,175.06,163.01,161.82,162.31,160.93,178.02,176.18,156.11,155.02,165.22,163.68
10/1/02,170.88,169.38,157.59,156.56,154.34,153.06,190.89,190.35,178.91,177.03,164.76,164.23,162.84,161.72,178.16,176.92,156.53,155.53,165.98,164.84
11/1/02,171.33,170.65,157.32,156.89,155.00,153.98,191.07,190.98,179.57,179.12,165.34,165.30,163.38,162.81,178.54,177.69,156.35,155.91,166.35,165.78
12/1/02,170.73,170.79,157.34,157.22,156.48,156.30,191.91,192.47,179.71,180.04,166.68,167.00,164.43,164.14,179.18,179.33,157.06,156.77,167.01,166.96
1/1/03,171.26,172.00,157.98,157.63,157.47,157.30,191.91,193.04,180.65,181.86,168.17,169.31,164.83,164.88,179.42,180.18,156.73,157.32,167.57,168.03
2/1/03,171.86,172.24,158.94,159.02,158.65,159.27,192.68,193.78,180.84,182.67,170.46,171.07,166.47,166.27,179.91,180.70,157.19,157.42,168.66,169.05
3/1/03,172.95,172.62,159.10,159.03,159.21,159.69,194.49,194.62,183.10,183.53,172.27,172.36,167.33,166.92,182.06,181.60,158.09,157.48,169.83,169.63
4/1/03,174.35,173.24,160.06,159.56,161.06,161.20,196.31,195.72,186.64,185.98,174.87,174.54,168.85,167.98,182.50,181.73,158.87,157.71,171.40,170.67
5/1/03,176.15,174.00,160.72,159.89,163.52,162.71,197.32,196.40,187.77,186.39,177.46,176.02,170.59,169.25,184.30,182.35,159.74,158.25,173.10,171.62
6/1/03,176.91,174.38,162.24,160.58,165.68,163.16,198.86,197.20,191.16,188.24,178.96,177.16,172.21,170.47,185.77,183.31,160.15,158.42,174.52,172.40
7/1/03,177.88,175.23,162.54,161.13,167.26,164.83,200.54,199.00,192.15,188.76,181.59,179.63,173.77,172.03,187.00,184.17,160.65,159.06,175.85,173.70
8/1/03,178.47,176.00,163.41,161.92,169.46,167.01,201.30,199.73,193.69,191.19,184.35,182.56,174.30,172.61,187.73,185.37,161.29,159.63,176.99,174.96
9/1/03,178.57,176.61,163.76,162.71,170.95,168.82,202.94,201.83,197.07,194.25,186.57,185.02,175.56,174.02,188.31,186.32,161.69,160.52,178.09,176.38
10/1/03,179.01,177.41,164.00,163.00,171.04,169.58,203.53,202.87,197.51,195.56,189.08,188.49,176.45,175.22,188.21,186.86,161.24,160.16,178.69,177.44
11/1/03,178.91,178.26,163.22,162.77,172.18,171.09,203.96,203.92,198.64,198.18,191.36,191.27,177.68,176.94,189.29,188.43,161.29,160.85,179.44,178.82
12/1/03,179.04,179.19,164.06,163.96,173.64,173.49,205.52,206.18,199.67,200.22,193.88,194.36,178.40,178.12,188.34,188.53,161.92,161.64,180.31,180.32
1/1/04,177.97,178.91,164.69,164.55,174.43,174.24,207.19,208.60,199.62,201.10,195.76,197.39,179.90,180.16,189.19,190.17,161.07,161.60,180.85,181.49
2/1/04,179.83,180.40,165.77,165.91,176.29,176.89,207.91,209.29,200.48,202.49,198.50,199.15,181.19,181.09,190.05,190.80,162.31,162.61,182.38,182.85
3/1/04,180.92,180.72,165.64,165.59,176.69,177.18,210.86,211.07,203.52,203.65,202.94,203.23,183.67,183.15,191.89,191.44,164.29,163.66,184.37,184.18
4/1/04,182.54,181.32,167.07,166.40,179.72,179.84,215.17,214.46,207.15,206.09,206.47,206.04,185.94,184.92,192.44,191.62,165.18,164.07,186.57,185.72
5/1/04,184.42,181.99,168.03,167.03,182.70,181.73,216.82,215.67,209.64,207.70,212.79,211.04,188.80,187.21,195.43,193.32,166.08,164.46,189.22,187.50
6/1/04,185.57,182.75,170.39,168.58,186.17,183.42,221.29,219.25,213.94,210.70,218.12,215.87,190.99,188.96,196.66,193.96,167.18,165.29,191.78,189.38
7/1/04,186.33,183.45,171.06,169.46,187.70,185.05,223.51,221.60,216.25,212.62,222.31,219.69,193.29,191.41,197.77,194.64,166.86,165.18,193.37,190.96
8/1/04,186.83,184.08,171.55,169.94,188.95,186.17,224.91,222.97,216.86,214.09,224.98,222.75,195.48,193.44,198.24,195.68,167.88,166.07,194.67,192.34
9/1/04,186.41,184.32,171.36,170.24,189.84,187.58,228.42,227.13,219.18,216.17,228.12,226.00,197.31,195.55,198.49,196.28,168.13,166.87,195.77,193.85
10/1/04,186.91,185.23,171.77,170.87,192.35,190.67,228.75,228.00,219.71,217.73,229.56,228.92,198.83,197.49,198.65,197.18,168.11,166.94,196.69,195.33
11/1/04,186.64,186.06,171.65,171.12,193.53,192.40,230.84,230.92,218.42,217.94,233.54,233.44,200.01,199.15,199.55,198.74,168.88,168.46,197.71,197.07
12/1/04,186.24,186.53,173.57,173.50,194.46,194.36,232.19,233.12,219.54,220.22,236.86,237.67,201.95,201.71,198.55,198.84,168.80,168.57,198.69,198.80
1/1/05,186.23,187.44,173.29,173.43,195.75,195.53,233.79,235.71,220.36,222.04,237.31,239.54,203.89,204.45,198.08,199.34,169.00,169.55,199.35,200.24
2/1/05,185.96,186.70,174.70,174.92,195.45,196.05,239.28,240.91,222.69,224.86,242.83,243.48,206.09,206.11,199.65,200.33,169.80,170.19,201.10,201.65
3/1/05,188.35,188.25,176.17,176.19,197.72,198.13,242.88,243.14,225.59,225.27,247.68,248.27,210.01,209.29,201.50,201.11,171.56,170.97,203.95,203.74
4/1/05,190.36,189.04,177.46,176.60,200.02,200.06,248.44,247.64,228.05,226.60,252.71,252.15,212.54,211.19,203.92,202.95,172.91,171.87,206.56,205.54
5/1/05,191.85,189.13,178.68,177.40,201.90,200.59,252.88,251.31,231.52,229.12,258.65,256.54,216.13,214.19,205.60,203.32,174.57,172.81,209.27,207.22
6/1/05,192.70,189.51,180.22,178.22,206.05,203.07,257.12,254.45,231.94,228.38,262.71,259.83,220.18,217.68,206.99,203.99,176.05,173.91,211.83,209.02
7/1/05,193.16,190.02,181.55,179.71,209.73,206.83,260.08,257.66,234.08,230.43,267.34,263.92,222.34,220.18,208.01,204.60,177.01,175.15,213.84,211.08
8/1/05,193.29,190.23,182.33,180.63,210.77,207.62,264.45,262.00,233.84,230.93,270.94,268.23,225.39,222.94,208.14,205.33,177.28,175.21,215.29,212.61
9/1/05,193.93,191.75,182.76,181.53,212.06,209.73,267.35,265.87,235.62,232.73,274.90,272.19,226.85,224.84,208.39,206.02,178.00,176.65,216.67,214.56
10/1/05,193.73,192.04,183.81,183.03,212.22,210.36,269.79,269.03,234.41,232.51,274.09,273.32,228.11,226.56,208.62,206.92,179.66,178.40,217.23,215.75
11/1/05,192.69,192.23,185.57,184.89,213.13,212.02,271.20,271.55,233.94,233.54,274.57,274.58,230.30,229.39,208.34,207.61,179.76,179.33,217.78,217.16
12/1/05,191.71,192.22,186.34,186.34,212.99,212.89,272.85,274.24,230.59,231.38,277.18,278.44,231.49,231.34,208.44,208.84,180.63,180.55,218.22,218.49
1/1/06,191.29,192.77,187.66,188.13,214.53,214.33,274.03,276.59,230.91,232.66,276.39,279.20,232.68,233.56,208.38,210.00,181.19,181.80,218.70,219.86
2/1/06,191.83,192.74,187.90,188.18,213.23,213.86,277.27,278.96,231.30,233.49,280.51,281.11,233.22,233.34,209.18,209.86,182.43,182.91,219.69,220.30
3/1/06,192.62,192.61,189.56,189.67,215.33,215.56,280.54,280.96,233.60,232.89,280.17,280.99,235.97,235.04,210.62,210.41,183.99,183.46,221.31,221.10
4/1/06,194.88,193.59,191.33,190.30,216.23,216.15,281.94,280.95,233.82,232.03,281.83,281.15,237.54,235.77,211.79,210.56,184.56,183.51,222.74,221.54
5/1/06,196.18,193.14,193.15,191.53,217.89,216.19,285.70,283.52,234.94,232.30,283.74,281.54,238.48,236.18,213.38,210.87,187.37,185.45,224.51,222.13
6/1/06,196.21,192.67,194.20,191.83,219.70,216.64,287.11,283.72,235.09,231.51,284.03,280.83,239.42,236.44,214.59,211.21,188.26,185.76,225.32,222.14
7/1/06,196.19,192.83,194.61,192.54,218.01,215.01,286.83,283.84,233.97,230.61,283.00,279.16,239.11,236.62,215.37,211.76,188.61,186.41,225.04,222.00
8/1/06,195.74,192.47,195.13,193.33,220.01,216.62,287.95,285.07,232.73,229.96,281.98,279.13,240.47,237.82,215.17,212.12,190.02,187.59,225.55,222.63
9/1/06,194.72,192.46,195.24,193.83,218.46,216.22,286.77,285.24,230.98,228.50,280.73,277.88,240.30,238.06,214.21,211.74,190.05,188.62,224.79,222.59
10/1/06,193.73,192.10,195.18,194.35,218.51,216.56,289.13,288.40,229.92,228.19,276.62,275.67,240.77,239.16,213.73,211.73,190.69,189.25,224.36,222.80
11/1/06,191.76,191.37,196.11,195.28,217.82,216.76,289.30,289.89,229.13,228.77,276.75,276.88,241.22,240.37,213.55,212.89,191.26,190.80,224.10,223.53
12/1/06,191.51,192.25,196.74,196.91,215.96,215.83,288.69,290.49,226.98,227.60,274.57,276.04,240.56,240.53,210.88,211.37,191.12,191.27,223.16,223.59
1/1/07,191.61,193.32,195.83,196.59,216.76,216.62,287.99,290.85,226.50,228.13,274.56,277.54,238.98,240.09,211.39,213.39,192.09,192.89,223.02,224.39
2/1/07,191.18,192.28,197.70,198.17,216.50,217.14,288.16,289.52,225.25,227.30,273.94,274.42,241.35,241.66,213.95,214.78,192.89,193.51,223.70,224.39
3/1/07,192.22,192.38,198.85,199.19,218.24,218.30,291.61,292.40,229.61,228.71,277.98,278.96,242.05,241.08,214.76,214.86,194.43,194.03,225.45,225.34
4/1/07,192.90,191.72,201.16,200.13,220.96,220.89,293.23,292.26,230.12,228.29,277.68,277.10,243.53,241.48,215.60,214.14,195.42,194.30,226.63,225.38
5/1/07,194.11,190.79,201.43,199.48,220.67,218.62,292.78,290.06,231.44,228.81,275.43,273.40,243.05,240.54,216.75,213.98,197.09,195.01,226.88,224.29
6/1/07,194.24,190.46,202.46,199.78,221.73,218.70,294.35,290.65,229.93,226.31,273.11,269.85,242.32,239.08,217.20,213.44,197.71,194.85,226.85,223.44
7/1/07,192.50,189.02,201.76,199.49,221.04,217.93,292.84,289.54,228.81,225.66,271.08,267.23,239.41,236.71,217.40,213.69,198.23,195.68,225.56,222.35
8/1/07,191.87,188.45,200.92,198.97,220.54,217.13,290.83,287.69,228.87,226.16,263.91,261.11,239.34,236.71,215.75,212.45,198.99,196.25,224.33,221.30
9/1/07,189.48,187.20,201.40,199.81,218.70,216.73,287.07,285.61,226.06,223.94,261.20,258.52,237.89,235.66,216.18,213.73,197.82,196.37,222.64,220.48
10/1/07,187.68,186.07,199.81,198.89,218.95,216.89,282.46,281.71,225.11,223.36,254.72,253.59,235.24,233.73,211.69,209.48,197.68,196.21,220.24,218.64
11/1/07,185.58,185.08,199.89,198.90,216.96,215.97,279.76,280.46,222.62,222.07,248.03,248.16,231.79,230.97,211.62,211.01,196.45,195.98,217.74,217.16
12/1/07,182.97,183.86,199.00,199.39,216.22,216.08,274.57,276.45,221.77,222.19,242.26,243.70,229.34,229.39,210.22,210.71,196.52,197.01,215.47,216.02
1/1/08,180.74,182.52,195.54,196.50,215.11,215.18,271.29,273.90,219.22,220.58,236.91,239.60,226.56,227.83,207.20,209.54,195.07,196.06,212.74,214.21
2/1/08,181.02,182.32,197.34,198.05,214.12,214.80,273.60,274.75,220.00,222.03,232.54,233.04,223.97,224.53,207.29,208.35,195.49,196.29,212.04,212.87
3/1/08,180.93,181.39,197.07,197.79,214.06,214.16,270.52,271.75,219.22,218.52,224.86,225.63,224.06,223.37,208.20,208.74,195.57,195.30,210.91,211.02
4/1/08,180.61,179.65,198.18,197.36,212.21,212.13,266.99,266.19,218.54,216.79,221.50,221.03,221.98,220.06,209.15,207.63,196.47,195.20,209.88,208.72
5/1/08,181.28,177.95,199.11,197.05,214.39,212.22,266.34,263.54,216.87,214.31,217.41,215.80,217.80,215.34,208.34,205.53,197.18,194.99,208.91,206.35
6/1/08,181.30,177.50,198.54,195.73,213.17,210.22,263.47,259.97,217.50,213.91,215.28,212.57,216.66,213.46,209.55,205.54,198.97,195.82,208.43,205.07
7/1/08,179.88,176.37,197.15,194.72,212.65,209.46,259.35,256.04,215.47,212.52,211.16,207.95,213.71,211.02,208.16,204.45,198.37,195.52,206.37,203.20
8/1/08,178.71,175.32,195.88,193.77,211.68,208.39,255.45,252.56,213.48,210.91,206.22,203.93,210.09,207.65,207.64,204.28,196.60,193.80,204.02,201.13
9/1/08,174.80,172.54,194.52,192.86,210.84,209.01,251.24,249.87,211.43,209.55,202.28,200.09,206.35,204.24,204.94,202.57,197.38,195.95,201.37,199.33
10/1/08,173.89,172.37,193.15,192.14,207.80,205.65,244.46,243.69,211.93,210.01,198.60,197.45,204.29,202.98,204.73,202.43,195.12,193.72,199.21,197.67
11/1/08,170.18,169.45,191.86,190.91,206.31,205.36,238.13,238.72,207.80,206.87,193.03,192.98,198.10,197.32,198.91,198.24,191.45,190.90,194.82,194.17
12/1/08,168.50,169.44,189.72,190.34,203.24,203.09,237.50,239.21,206.58,206.59,190.66,191.87,194.67,194.70,200.01,200.43,191.64,192.35,193.06,193.61
1/1/09,170.71,172.68,189.78,190.88,202.91,203.13,238.06,240.33,207.91,208.84,187.31,189.54,198.26,199.46,200.11,202.69,191.52,192.75,193.78,195.27
2/1/09,170.26,171.81,189.80,190.76,203.98,204.76,237.32,238.32,211.18,213.20,188.81,189.45,198.51,199.28,202.50,203.81,193.32,194.28,194.56,195.55
3/1/09,169.49,170.32,189.50,190.46,203.88,204.16,230.13,231.55,209.15,208.83,186.41,187.14,196.21,195.78,199.54,200.50,193.84,193.59,192.91,193.24
4/1/09,169.53,168.78,190.22,189.51,202.87,202.77,231.36,230.77,210.18,208.76,185.47,185.16,195.71,193.91,202.32,200.89,194.05,192.58,192.99,191.95
5/1/09,173.32,169.98,191.36,189.01,204.05,201.83,231.47,228.72,207.92,205.33,185.95,184.50,196.72,194.25,203.33,200.44,195.51,193.22,194.36,191.80
6/1/09,172.50,168.63,194.42,191.37,203.08,200.02,230.23,226.83,209.23,205.41,188.06,185.51,197.05,193.79,204.79,200.50,198.58,195.16,195.15,191.71
7/1/09,171.20,167.55,191.90,189.05,204.15,200.80,229.67,226.25,208.68,205.62,188.52,185.49,196.79,193.96,203.97,200.02,196.16,193.05,194.44,191.13
8/1/09,170.54,167.06,191.90,189.40,204.57,201.36,228.04,225.25,206.51,203.83,189.42,187.24,194.52,191.94,203.30,199.79,196.14,193.39,193.79,190.86
9/1/09,169.90,167.53,188.43,186.63,201.86,200.05,225.05,223.56,206.39,204.50,188.19,186.12,195.57,193.36,202.05,199.66,194.48,193.04,192.70,190.62
10/1/09,168.19,166.63,191.66,190.41,203.35,201.11,225.06,224.15,206.74,204.71,189.00,187.74,192.55,191.19,202.27,199.95,196.64,195.39,192.57,190.98
11/1/09,169.13,168.15,190.34,189.37,201.99,200.97,224.94,225.33,205.53,204.24,190.11,189.97,193.24,192.29,201.42,200.65,194.42,193.78,192.43,191.64
12/1/09,164.93,165.98,186.96,187.64,201.74,201.57,219.57,221.10,204.71,204.54,186.23,187.43,188.57,188.53,198.39,198.75,193.47,194.46,189.18,189.75
1/1/10,163.41,165.60,186.46,187.61,200.85,201.24,220.03,221.92,202.18,203.01,183.66,185.97,189.69,190.90,194.90,197.64,192.64,194.17,188.18,189.77
2/1/10,163.19,165.06,184.84,186.09,201.68,202.71,218.84,219.85,200.06,202.13,186.25,187.35,186.49,187.44,196.64,198.25,192.38,193.50,187.79,189.02
3/1/10,163.78,164.91,184.26,185.33,200.20,200.83,217.86,219.45,202.77,202.91,186.32,187.06,188.38,188.09,197.04,198.27,193.37,193.06,188.31,188.80
4/1/10,165.80,165.13,186.63,186.01,199.41,199.21,220.81,220.22,202.01,201.04,187.51,187.24,190.30,188.56,200.58,199.30,195.81,194.15,190.05,189.02
5/1/10,168.56,165.18,188.80,186.23,201.97,199.72,220.33,217.44,205.24,202.43,189.73,188.10,189.29,186.67,203.21,200.25,198.45,196.07,191.72,189.03
6/1/10,167.51,163.47,186.52,183.27,203.37,199.97,217.62,213.94,205.79,201.73,186.33,183.67,189.87,186.40,202.96,198.28,196.77,193.20,190.76,187.10
7/1/10,166.58,162.62,187.01,183.93,202.59,198.87,216.26,212.52,204.47,201.05,186.63,183.49,187.12,184.10,199.03,194.74,196.50,193.20,189.57,186.01
8/1/10,166.79,163.14,186.16,183.50,200.75,197.44,214.60,211.83,205.05,202.07,184.11,181.92,186.36,183.62,199.86,196.25,196.25,193.73,188.81,185.80
9/1/10,163.70,161.14,184.76,182.83,198.98,197.04,210.66,209.02,202.56,200.52,182.99,180.97,183.19,180.95,197.11,194.61,192.40,191.00,186.14,183.97
10/1/10,164.97,163.38,183.46,182.09,201.01,198.73,211.03,210.09,203.24,201.17,180.29,179.05,182.56,181.23,196.29,194.05,191.46,190.49,185.86,184.29
11/1/10,163.59,162.44,183.61,182.85,198.82,197.69,205.81,206.13,201.72,200.18,179.42,179.24,182.01,181.07,194.22,193.29,191.21,190.61,184.57,183.71
12/1/10,159.25,160.35,178.42,179.07,196.13,196.04,203.89,205.47,199.18,198.85,176.73,177.94,180.29,180.23,192.86,193.16,188.80,189.88,181.77,182.34
1/1/11,157.53,159.92,179.32,180.50,194.37,194.88,204.00,205.73,199.65,200.42,172.91,175.28,176.53,177.72,188.07,190.79,188.50,190.13,179.68,181.31
2/1/11,156.47,158.66,177.95,179.40,193.31,194.68,198.37,199.44,194.41,196.62,172.86,174.24,174.68,175.81,187.59,189.38,188.02,189.19,178.22,179.65
3/1/11,154.09,155.39,176.30,177.18,192.13,193.05,197.45,199.02,193.20,193.69,171.77,172.41,174.13,173.90,187.32,188.54,188.67,188.15,177.21,177.73
4/1/11,156.23,155.55,178.75,177.96,195.13,194.89,197.79,197.25,197.83,197.39,172.01,171.66,175.60,173.98,189.34,188.25,191.49,189.68,179.10,178.09
5/1/11,159.62,156.37,180.67,177.77,194.35,192.06,199.99,197.21,198.60,195.51,172.11,170.34,176.78,174.15,191.56,188.68,191.68,189.23,180.44,177.71
6/1/11,161.48,157.36,181.42,177.92,196.53,192.76,200.78,196.98,200.40,196.05,172.45,169.78,178.04,174.50,194.33,189.51,195.05,191.38,182.08,178.28
7/1/11,162.91,158.70,183.79,180.43,196.98,193.09,201.64,197.97,198.58,194.74,173.50,170.44,177.18,173.99,195.49,190.84,192.90,189.44,182.36,178.63
8/1/11,160.64,156.91,182.71,179.90,195.87,192.49,200.41,197.72,197.70,194.39,171.64,169.44,177.90,175.06,193.44,189.75,191.37,189.06,181.17,178.11
9/1/11,160.19,157.53,180.34,178.29,194.50,192.50,201.74,200.07,197.86,195.76,172.14,170.26,179.66,177.48,193.88,191.27,191.93,190.45,181.42,179.21
10/1/11,157.88,156.33,178.74,177.40,192.80,190.68,199.36,198.46,196.88,195.09,170.79,169.69,177.10,175.79,193.47,191.39,191.09,190.39,179.67,178.19
11/1/11,159.89,158.73,179.22,178.62,190.67,189.49,199.17,199.41,196.68,195.12,170.19,170.02,176.46,175.57,193.79,192.74,192.76,192.19,179.85,179.00
12/1/11,156.68,157.88,181.76,182.40,189.99,190.05,200.82,202.43,196.09,195.97,168.70,169.88,177.42,177.38,188.86,189.15,192.02,193.08,178.97,179.57
1/1/12,154.44,157.02,176.70,177.92,190.46,191.14,198.75,200.33,192.83,193.73,168.08,170.44,174.86,176.17,190.88,193.63,188.94,190.56,177.17,178.87
2/1/12,154.70,157.12,178.25,179.87,187.92,189.60,201.02,202.21,192.10,194.51,169.01,170.62,175.40,176.64,190.00,192.06,191.48,192.67,177.68,179.28
3/1/12,156.67,158.03,181.44,182.00,190.49,191.71,204.97,206.51,193.42,194.19,172.11,172.57,177.77,177.54,191.74,192.91,195.16,194.42,180.32,180.81
4/1/12,159.70,158.83,182.64,181.56,191.45,191.16,209.39,208.74,193.46,193.40,174.72,174.11,181.55,179.94,193.42,192.43,197.15,195.22,182.87,181.76
5/1/12,163.45,160.15,186.08,182.94,193.86,191.47,214.53,211.50,197.76,194.28,178.16,176.05,183.09,180.25,197.53,194.61,198.20,195.57,185.82,182.90
6/1/12,164.85,160.38,186.76,183.01,195.93,191.78,219.80,215.39,199.12,194.47,180.52,177.60,184.30,180.46,200.06,194.95,199.97,196.19,187.72,183.61
7/1/12,164.90,160.32,186.11,182.66,195.33,191.27,221.35,217.26,198.64,194.29,180.31,177.00,184.84,181.34,201.80,196.71,201.39,197.71,188.08,184.03
8/1/12,165.13,161.15,185.02,182.25,195.13,191.54,220.79,217.84,199.54,195.82,183.96,181.58,185.56,182.66,200.12,196.33,200.19,197.95,188.44,185.22
9/1/12,164.39,161.54,184.40,182.30,195.47,193.35,221.79,219.94,197.89,195.67,183.04,181.16,186.03,183.88,198.75,196.01,200.83,199.22,188.22,185.92
10/1/12,163.71,162.21,185.12,183.88,192.75,190.82,221.87,221.10,196.92,195.40,185.77,184.80,185.96,184.61,199.76,197.89,200.62,200.14,188.26,186.88
11/1/12,162.44,161.34,184.37,183.87,193.88,192.70,223.94,224.31,198.71,197.31,187.03,186.95,185.38,184.68,199.89,198.86,201.61,201.22,188.47,187.70
12/1/12,160.57,161.86,184.76,185.29,193.40,193.65,223.23,225.18,198.19,198.26,188.13,189.56,185.59,185.67,198.51,198.96,200.26,201.19,187.96,188.66
1/1/13,160.63,163.54,183.32,184.60,191.95,192.73,225.88,227.72,196.49,197.50,190.19,192.85,185.90,187.39,197.47,200.22,201.38,202.99,188.22,190.08
2/1/13,161.41,164.06,184.90,186.59,192.81,194.84,227.70,229.00,196.34,198.81,191.74,193.67,187.66,188.89,197.93,200.19,202.93,204.19,189.46,191.23
3/1/13,164.36,165.58,187.36,187.34,193.64,194.99,232.28,233.60,200.49,201.23,197.39,197.74,191.26,190.80,201.28,202.25,205.94,204.87,192.87,193.17
4/1/13,167.76,166.64,189.60,187.99,196.05,195.77,237.20,236.31,199.87,199.84,201.85,200.84,192.80,191.00,202.79,201.64,208.13,206.15,195.51,194.17
5/1/13,170.72,167.32,192.15,188.69,198.76,196.09,240.97,237.58,205.30,201.33,206.63,203.99,197.14,193.97,205.77,202.67,210.69,207.78,199.06,195.82
6/1/13,172.91,168.02,194.03,190.06,201.15,196.59,244.52,239.46,206.76,201.57,210.15,206.68,198.83,194.52,210.14,204.76,212.14,208.19,201.47,196.92
7/1/13,174.16,169.21,191.93,188.31,202.07,197.78,245.99,241.64,207.97,203.01,213.74,209.82,200.34,196.33,210.66,205.15,211.65,207.75,202.56,198.10
8/1/13,173.83,169.58,191.38,188.53,200.92,197.06,246.31,243.15,207.82,203.64,213.97,211.25,200.19,197.15,209.88,205.93,211.05,208.74,202.22,198.76
9/1/13,173.01,170.05,194.84,192.65,199.33,197.06,247.00,245.08,204.89,202.46,215.32,213.40,199.36,197.16,209.55,206.71,211.60,209.88,202.12,199.70
10/1/13,171.86,170.40,191.97,190.88,199.68,197.92,249.05,248.45,204.25,203.05,215.29,214.49,199.37,197.86,207.78,206.01,210.81,210.48,201.59,200.27
11/1/13,171.43,170.51,190.13,189.60,199.55,198.38,246.12,246.66,203.91,202.70,214.88,215.01,198.84,198.29,207.96,207.02,211.18,211.00,201.07,200.41
12/1/13,170.38,171.82,190.48,190.82,196.83,197.15,245.76,247.90,202.50,202.86,214.44,216.11,199.68,199.80,206.60,207.19,213.34,214.13,200.78,201.54
1/1/14,169.46,172.65,189.06,190.23,196.97,197.82,248.44,250.36,202.97,204.20,214.84,217.68,198.74,200.28,206.12,208.74,212.74,214.30,200.46,202.38
2/1/14,169.73,172.45,190.84,192.51,195.37,197.50,251.61,252.76,200.44,202.83,217.56,219.61,200.21,201.25,207.01,209.41,214.22,215.46,201.44,203.19
3/1/14,172.06,172.96,192.41,191.89,196.74,198.04,251.11,251.92,206.26,206.81,220.77,220.84,202.78,201.97,209.79,210.38,217.46,216.16,203.91,203.89
4/1/14,175.45,174.06,194.85,193.01,199.36,199.05,254.12,252.74,204.78,204.50,223.37,221.88,204.46,202.32,212.72,211.26,218.15,216.23,206.13,204.52
5/1/14,177.07,173.55,196.49,193.07,202.68,199.79,257.09,253.40,211.25,207.09,225.51,222.45,206.78,203.32,213.92,210.58,219.86,216.67,208.43,204.94
6/1/14,179.52,174.34,198.12,194.08,205.16,200.47,260.74,255.48,212.77,207.25,227.99,224.26,209.32,204.70,217.30,211.78,221.76,217.72,210.89,206.09
7/1/14,180.60,175.48,198.19,194.56,204.36,200.00,259.26,254.92,213.50,208.15,229.70,225.60,209.81,205.47,217.64,211.93,223.68,219.70,211.54,206.88
8/1/14,180.52,176.20,198.03,195.26,204.89,200.86,261.30,258.08,213.10,208.73,230.14,227.30,207.72,204.72,216.65,212.61,223.38,220.95,211.21,207.65
9/1/14,179.50,176.52,197.65,195.56,201.98,199.62,260.46,258.60,210.99,208.37,229.10,227.30,207.78,205.55,216.04,213.19,223.27,221.47,210.34,207.89
10/1/14,178.92,177.55,196.86,195.99,202.38,200.77,260.68,260.25,209.06,208.00,229.97,229.42,208.43,206.78,216.03,214.40,222.95,222.65,210.35,209.08
11/1/14,177.91,177.22,198.25,197.79,202.32,201.17,261.15,261.65,209.66,208.72,230.04,230.32,209.28,208.83,216.35,215.48,223.92,223.92,210.62,210.06
12/1/14,177.69,179.16,196.34,196.53,202.34,202.73,262.82,264.98,207.58,208.20,230.68,232.50,209.98,210.13,214.91,215.73,224.87,225.57,210.66,211.45
1/1/15,174.73,177.98,198.31,199.35,200.79,201.59,264.55,266.39,206.93,208.16,231.45,234.29,207.47,208.92,213.28,215.78,225.69,227.19,209.71,211.58
2/1/15,177.59,180.24,197.23,198.69,199.90,201.96,267.69,268.45,209.56,211.80,233.39,235.17,211.82,212.68,213.31,215.69,227.16,228.42,211.70,213.30
3/1/15,179.67,180.18,201.58,200.62,202.65,203.71,268.52,268.67,211.19,211.54,236.98,236.69,214.67,213.60,216.72,216.89,229.11,227.60,214.37,213.99
4/1/15,182.24,180.61,204.13,202.08,203.12,202.80,272.00,270.04,212.43,211.69,240.32,238.41,216.09,213.60,220.50,218.62,230.91,229.05,216.59,214.70
5/1/15,185.60,181.92,204.03,200.67,207.06,203.99,276.47,272.47,217.22,212.98,242.97,239.57,219.17,215.45,223.23,219.57,234.81,231.24,219.78,216.04
6/1/15,188.32,182.94,205.61,201.66,208.86,204.16,278.20,272.86,220.82,215.06,244.66,240.79,221.27,216.56,225.22,219.68,236.16,232.04,221.84,216.92
7/1/15,187.70,182.59,205.65,201.90,210.29,205.91,282.53,278.24,219.71,214.22,247.02,242.98,222.17,217.66,226.23,220.48,236.87,232.89,222.73,218.01
8/1/15,186.11,181.82,206.16,203.30,209.94,205.90,281.00,277.76,218.86,214.44,246.20,243.36,221.09,218.03,226.37,222.25,236.92,234.25,221.99,218.35
9/1/15,186.87,183.97,205.50,203.52,208.68,206.28,281.49,279.75,217.45,214.74,246.69,244.97,222.09,219.87,224.66,221.88,237.11,235.26,222.07,219.63
10/1/15,186.05,184.64,205.83,205.14,208.22,206.68,280.20,279.80,216.29,215.26,247.55,247.26,222.78,221.10,224.68,223.11,237.07,236.82,221.99,220.76
11/1/15,185.99,185.48,206.84,206.27,207.11,205.95,284.67,284.99,216.49,215.70,249.96,250.33,222.84,222.40,224.63,223.76,236.26,236.29,222.42,221.89
12/1/15,184.86,186.36,206.95,207.10,206.91,207.25,281.38,283.28,216.61,217.46,249.52,251.41,222.58,222.75,225.46,226.39,236.77,237.43,222.01,222.79
1/1/16,183.78,187.08,207.97,208.80,205.51,206.27,283.17,284.87,217.61,218.87,248.91,251.64,223.52,224.99,225.61,228.04,236.74,238.12,221.99,223.79
2/1/16,184.05,186.43,206.13,207.25,207.28,209.15,286.62,287.11,214.32,216.18,252.84,254.29,223.25,223.83,226.58,228.99,237.35,238.47,222.75,224.10
3/1/16,188.16,188.38,209.94,208.69,208.29,209.07,291.12,290.70,218.35,218.44,256.94,256.23,227.83,226.50,228.23,227.93,243.37,241.69,226.67,225.97
4/1/16,190.53,188.67,212.32,210.23,209.74,209.36,294.20,291.73,221.88,220.59,260.02,257.68,230.64,227.71,231.76,229.48,243.79,241.90,229.08,226.90
5/1/16,193.52,189.72,214.16,210.90,213.96,210.86,298.27,294.04,224.40,220.19,262.12,258.42,232.84,228.82,233.67,229.73,247.28,243.37,231.90,227.95
6/1/16,196.47,191.01,214.88,211.01,216.72,212.17,300.64,295.53,226.70,220.91,263.43,259.54,235.52,230.83,235.91,230.33,248.61,244.37,234.11,229.18
7/1/16,196.74,191.64,216.82,212.79,216.86,212.56,300.80,296.58,227.18,221.73,265.22,261.30,236.58,232.05,238.56,232.76,249.99,246.10,235.16,230.43
8/1/16,197.49,193.20,217.11,214.14,216.65,212.72,301.71,298.56,227.44,222.99,265.15,262.39,236.29,233.03,236.87,232.72,249.63,246.79,235.13,231.44
9/1/16,196.61,193.75,216.68,214.78,216.48,214.04,302.30,300.50,227.89,225.04,267.22,265.43,236.60,234.26,237.41,234.62,249.43,247.55,235.30,232.81
10/1/16,196.32,194.83,215.83,215.19,216.00,214.49,304.37,303.90,226.67,225.42,266.74,266.62,238.00,236.21,236.86,235.29,249.00,248.69,235.31,234.04
11/1/16,196.10,195.64,217.43,216.74,216.41,215.20,304.66,304.64,227.99,227.20,268.45,268.81,237.39,236.82,238.02,237.16,249.94,249.84,235.81,235.19
12/1/16,195.44,196.98,219.03,219.05,215.50,215.77,305.96,307.50,226.60,227.44,268.70,270.69,238.47,238.57,235.77,236.81,250.36,250.94,235.83,236.55
1/1/17,193.62,196.90,215.06,215.51,215.27,215.86,305.32,307.00,227.03,228.05,268.64,271.14,236.91,238.20,234.60,237.03,250.93,252.18,234.79,236.43
2/1/17,195.96,198.05,218.69,219.40,215.66,217.26,309.92,310.20,226.08,227.61,271.94,272.95,238.87,239.08,235.93,238.18,252.82,253.84,236.92,237.95
3/1/17,200.01,199.97,222.97,221.56,216.65,217.00,314.45,313.46,231.57,231.38,277.09,275.96,242.52,240.94,240.79,239.99,255.06,253.12,240.67,239.63
4/1/17,202.26,200.18,223.15,221.06,220.15,219.66,318.08,315.15,234.32,232.48,280.94,278.15,247.01,243.67,243.74,241.13,259.32,257.30,243.96,241.47
5/1/17,205.09,201.14,225.59,222.32,222.98,219.83,322.53,318.23,236.06,231.96,284.58,280.58,248.24,243.97,247.77,243.68,262.44,258.31,246.74,242.61
6/1/17,206.68,201.19,227.87,224.15,225.34,221.01,324.01,319.17,239.81,234.06,286.30,282.52,249.99,245.47,249.49,243.88,262.76,258.40,248.48,243.60
7/1/17,207.83,202.75,229.93,225.63,226.71,222.61,325.95,321.72,240.21,234.87,286.77,283.09,251.05,246.68,250.18,244.41,264.04,260.30,249.62,244.96
8/1/17,208.03,203.72,229.20,226.11,227.48,223.68,327.55,324.59,240.35,235.83,289.42,286.70,252.50,248.99,250.09,245.94,264.23,261.17,250.42,246.64
9/1/17,207.47,204.53,227.62,225.78,227.41,224.81,327.91,325.86,239.46,236.47,290.53,288.64,251.80,249.26,249.29,246.46,264.91,262.99,250.17,247.55
10/1/17,207.30,205.59,229.72,228.93,227.11,225.56,329.35,328.66,239.96,238.46,289.26,289.12,252.35,250.52,248.98,247.15,264.08,263.66,250.21,248.78
11/1/17,207.15,206.71,228.51,227.71,225.92,224.54,333.38,333.01,239.91,239.06,291.78,292.09,253.17,252.41,250.42,249.49,266.15,265.88,251.01,250.26
12/1/17,206.98,208.63,229.29,229.20,226.45,226.47,332.54,333.68,238.88,239.63,291.18,293.30,253.37,253.38,248.08,249.14,265.57,266.04,250.71,251.37
1/1/18,207.40,210.68,230.61,230.86,227.38,227.71,335.72,337.48,239.51,240.41,293.66,296.01,254.57,255.71,250.21,252.78,264.43,265.58,251.78,253.31
2/1/18,209.51,211.33,232.12,232.45,227.50,228.85,339.96,340.20,241.52,242.83,298.86,299.51,257.31,257.11,250.71,252.85,269.44,270.22,254.47,255.22
3/1/18,212.19,211.99,234.28,232.73,231.74,231.73,343.98,342.56,242.21,241.54,300.63,299.13,260.37,258.39,255.54,254.16,271.12,268.94,257.32,255.94
4/1/18,215.15,212.82,234.69,232.51,231.92,231.21,347.34,343.82,245.44,243.09,303.07,299.81,263.64,259.87,257.46,254.54,272.30,270.04,259.53,256.71
5/1/18,217.85,213.72,240.86,237.53,235.12,231.94,351.39,346.97,249.11,245.16,305.00,300.75,266.57,262.02,260.91,256.76,275.02,270.81,262.71,258.43
6/1/18,220.52,214.98,241.42,237.71,237.42,233.33,355.95,351.32,251.75,246.17,306.62,303.03,265.72,261.36,263.54,257.80,276.81,272.34,264.39,259.56
7/1/18,220.39,215.26,241.85,237.36,238.22,234.34,355.31,350.93,252.27,247.02,307.26,303.85,268.36,264.07,265.37,259.60,276.50,272.99,265.18,260.58
8/1/18,220.82,216.45,242.44,239.34,237.68,234.05,356.28,353.45,252.34,247.68,309.26,306.56,269.48,265.60,263.93,259.70,277.28,274.10,265.75,261.87
9/1/18,220.60,217.53,240.84,238.91,237.14,234.42,358.20,355.72,251.50,248.36,307.77,305.75,268.76,265.94,262.64,259.61,276.20,274.29,265.04,262.25
10/1/18,220.85,218.91,242.35,241.22,236.12,234.46,357.93,356.96,252.41,250.51,307.09,306.89,267.42,265.51,263.79,261.69,276.16,275.63,264.86,263.25
11/1/18,219.18,218.75,244.04,243.22,238.62,237.01,359.60,358.89,251.28,250.36,307.49,307.68,268.86,267.90,263.45,262.46,278.14,277.76,265.53,264.65
12/1/18,218.12,219.90,243.12,242.93,238.07,237.87,358.52,359.35,251.43,252.01,306.46,308.74,269.47,269.42,262.34,263.42,277.15,277.45,264.92,265.52
1/1/19,217.66,220.89,244.04,244.16,239.33,239.37,361.80,363.65,250.62,251.26,307.43,309.60,269.14,270.05,262.95,265.59,278.51,279.54,265.46,266.84
2/1/19,221.23,222.82,245.73,245.79,238.49,239.66,362.27,362.43,253.66,254.87,309.73,309.97,272.15,271.59,263.99,265.91,279.48,280.03,267.44,267.91
3/1/19,223.25,222.93,247.53,245.95,239.37,239.05,366.63,364.90,254.02,252.92,313.39,311.60,274.46,272.12,269.68,267.79,283.72,281.32,270.20,268.53
4/1/19,226.65,224.07,250.95,248.58,241.83,240.94,374.32,370.30,257.61,254.84,317.13,313.51,278.11,274.08,271.04,267.85,283.83,281.31,273.31,270.19
5/1/19,229.47,225.24,253.36,250.00,245.47,242.28,375.99,371.52,261.06,257.26,320.39,316.02,280.89,276.21,273.41,269.35,287.20,283.04,276.26,271.91
6/1/19,231.62,226.07,254.83,251.20,246.37,242.50,377.32,372.84,262.53,257.16,319.93,316.55,280.49,276.26,276.03,270.19,289.14,284.59,277.35,272.59
7/1/19,232.52,227.28,256.30,251.68,247.49,243.89,381.29,376.86,262.95,257.77,321.86,318.66,281.83,277.63,276.97,271.23,289.07,285.73,278.57,274.02
8/1/19,232.56,228.08,253.37,250.27,247.85,244.33,379.70,376.96,264.52,259.71,321.69,318.95,281.71,277.57,276.66,272.32,289.45,286.09,278.36,274.37
9/1/19,232.67,229.43,256.63,254.64,247.69,244.83,382.71,379.77,263.01,259.73,322.04,319.91,284.31,281.25,277.35,274.06,289.42,287.47,279.32,276.34
10/1/19,231.72,229.53,256.89,255.45,248.75,246.95,382.86,381.63,262.99,260.76,322.57,322.16,284.79,282.85,277.50,275.01,289.40,288.76,279.45,277.63
11/1/19,232.53,232.05,255.10,254.25,249.64,247.76,383.51,382.62,263.96,262.89,323.25,323.36,284.60,283.42,276.93,275.80,289.64,289.17,279.69,278.66
12/1/19,230.82,232.74,258.63,258.53,250.24,249.74,388.00,388.69,263.64,264.11,323.02,325.45,285.59,285.41,278.02,279.09,293.15,293.28,280.62,281.15
1/1/20,230.69,233.97,260.12,260.24,251.35,251.09,388.71,390.67,265.92,266.50,326.02,328.20,287.86,288.66,275.85,278.56,291.63,292.54,281.42,282.73
2/1/20,234.81,236.25,262.95,262.87,252.04,253.11,394.35,394.57,267.09,268.32,330.33,330.38,291.60,290.76,280.16,281.94,292.79,293.08,284.64,284.92
3/1/20,237.33,236.97,264.47,262.80,253.63,253.15,399.75,397.85,270.75,269.22,333.72,331.67,292.82,290.10,283.52,281.25,297.18,294.61,287.37,285.45
4/1/20,240.58,237.74,266.53,263.85,254.78,253.75,401.64,397.26,273.01,269.85,336.90,332.89,294.12,289.90,286.21,282.67,299.57,296.72,289.65,286.23
5/1/20,241.99,237.57,267.74,264.24,256.61,253.38,401.78,397.24,271.68,267.80,335.29,330.77,296.38,291.48,287.91,283.75,300.22,295.99,290.64,286.14
6/1/20,245.21,239.46,270.68,266.89,258.91,255.07,406.78,402.30,275.87,270.38,339.24,335.84,299.17,294.87,292.42,286.30,304.68,299.89,294.17,289.26
7/1/20,248.64,243.12,275.32,270.42,262.62,259.01,413.00,408.39,282.07,276.63,342.51,339.27,302.18,297.83,294.99,289.06,305.11,301.74,297.50,292.77
8/1/20,251.10,246.34,277.69,274.40,267.31,263.65,417.93,415.16,286.33,281.18,348.03,345.12,306.66,302.15,297.90,293.29,310.46,306.87,301.61,297.34
9/1/20,253.72,250.16,280.89,278.71,271.93,268.80,426.56,423.19,291.01,287.43,353.40,351.14,310.21,306.83,302.59,298.92,311.82,309.76,305.48,302.19
10/1/20,256.20,253.72,282.76,280.96,275.15,273.10,431.06,429.67,295.49,292.88,357.23,356.64,313.85,311.79,304.58,301.68,314.46,313.69,308.60,306.51
11/1/20,256.95,256.39,285.34,284.22,277.46,275.22,436.65,435.64,298.17,296.92,362.19,362.30,317.22,315.84,304.74,303.53,315.43,314.89,311.03,309.81
12/1/20,257.66,259.80,288.99,288.81,279.40,278.65,440.91,441.57,299.66,300.06,364.03,366.77,319.23,318.98,304.89,305.93,318.67,318.67,313.00,313.50
1/1/21,258.64,262.21,289.11,289.02,283.12,282.67,446.49,448.69,301.86,302.37,368.92,371.31,321.89,322.70,306.80,309.76,320.64,321.50,315.54,316.88
2/1/21,262.98,264.49,292.98,292.69,282.44,283.53,455.46,455.73,304.20,305.58,377.54,377.51,326.21,325.12,311.37,313.14,326.80,327.02,320.23,320.42
3/1/21,268.19,267.80,299.00,297.11,288.28,287.68,469.20,466.93,313.92,311.93,386.69,384.28,334.83,331.60,318.41,315.77,333.12,330.17,327.72,325.47
4/1/21,274.45,271.18,306.35,303.01,296.36,295.22,484.31,478.91,322.30,318.51,396.22,391.40,341.11,336.29,323.52,319.46,339.37,336.03,335.21,331.19